name,address,x,y,type ,level,tel
인하대학병원,인천 중구 인항로 27,126.633626,37.457889,병원,권역센터,010-5932-2301
가톨릭대학교인천성모병원,부평구 동수로 56,126.725256,37.484748,병원,지역센터,010-4159-0119
인천국제성모병원,서구 심곡로100번길 25,126.683676,37.542297,병원,지역센터,010-2111-3706
검단탑병원,서구 청마로19번길,126.671066,37.592319,병원,지역센터,010-5420-6119
인천세종병원,계양문화로 20,126.736449,37.53202,병원,지역센터,010-3863-1191
